{"cameraMode":{"drawMode":0,"name":"Shaded","section":"Shading Mode"},"sceneLighting":false,"audioPlay":false,"sceneViewState":{"showFog":true,"showMaterialUpdate":false,"showSkybox":false,"showFlares":true,"showImageEffects":true,"showParticleSystems":true},"in2DMode":false,"pivot":{"x":-2.570974111557007,"y":-0.034088134765625,"z":9.726616859436036},"rotation":{"x":-0.24687835574150086,"y":0.39956843852996828,"z":-0.11265493929386139,"w":-0.8756301403045654},"size":10.166878700256348,"orthographic":false}