{"cameraMode":{"drawMode":0,"name":"Shaded","section":"Shading Mode"},"sceneLighting":false,"audioPlay":false,"sceneViewState":{"showFog":true,"showMaterialUpdate":false,"showSkybox":false,"showFlares":true,"showImageEffects":true,"showParticleSystems":true},"in2DMode":false,"pivot":{"x":-3.022508144378662,"y":0.0,"z":20.619998931884767},"rotation":{"x":-0.24687835574150086,"y":0.39956843852996828,"z":-0.11265493929386139,"w":-0.8756301403045654},"size":24.534759521484376,"orthographic":false}