{"cameraMode":{"drawMode":0,"name":"Shaded","section":"Shading Mode"},"sceneLighting":false,"audioPlay":false,"sceneViewState":{"showFog":true,"showMaterialUpdate":false,"showSkybox":false,"showFlares":true,"showImageEffects":true,"showParticleSystems":true},"in2DMode":false,"pivot":{"x":0.0,"y":-21.60000228881836,"z":-0.0000019073486328125},"rotation":{"x":-0.19756236672401429,"y":0.5190417170524597,"z":-0.12471410632133484,"w":-0.8222132921218872},"size":0.8660253882408142,"orthographic":false}